{
  "model": "logreg",
  "C": 0.5,
  "calibration": "isotonic",
  "valid": {
    "log_loss": 0.9163686819390658,
    "brier": 0.17978447511359466,
    "accuracy": 0.5789473684210527
  },
  "test": {
    "log_loss": 0.974892953880481,
    "brier": 0.19459979633499525,
    "accuracy": 0.531578947368421
  }
}
