{
  "model": "logreg",
  "calibration": "isotonic",
  "classes": [
    "A",
    "D",
    "H"
  ],
  "valid": {
    "log_loss": 0.9180285116230378,
    "brier": 0.18019003165000877,
    "accuracy": 0.5815789473684211
  },
  "test": {
    "log_loss": 0.9768636391565343,
    "brier": 0.1951001153140175,
    "accuracy": 0.531578947368421
  }
}
