{
  "model": "rf",
  "calibration": "isotonic",
  "classes": [
    "A",
    "D",
    "H"
  ],
  "valid": {
    "log_loss": 0.9285401199522144,
    "brier": 0.181813226575587,
    "accuracy": 0.5815789473684211
  },
  "test": {
    "log_loss": 0.9846082853703907,
    "brier": 0.19525933434986745,
    "accuracy": 0.531578947368421
  }
}
